{"cameraMode":{"drawMode":0,"name":"Shaded","section":"Shading Mode"},"sceneLighting":true,"audioPlay":false,"sceneViewState":{"showFog":true,"showMaterialUpdate":false,"showSkybox":true,"showFlares":true,"showImageEffects":true,"showParticleSystems":true},"in2DMode":false,"pivot":{"x":17.156509399414064,"y":-6.3071441650390629,"z":-2.0962047576904299},"rotation":{"x":0.5797926783561707,"y":-0.02809530682861805,"z":0.020010700449347497,"w":0.8140333890914917},"size":108.00709533691406,"orthographic":false}