{"cameraMode":{"drawMode":0,"name":"Shaded","section":"Shading Mode"},"sceneLighting":false,"audioPlay":false,"sceneViewState":{"showFog":true,"showMaterialUpdate":false,"showSkybox":false,"showFlares":true,"showImageEffects":true,"showParticleSystems":true},"in2DMode":false,"pivot":{"x":0.0,"y":12.584867477416993,"z":-2.250000238418579},"rotation":{"x":0.6734611988067627,"y":0.004435549024492502,"z":-0.004040771629661322,"w":0.739197313785553},"size":13.811023712158204,"orthographic":false}